group,artist_name_mb,artist_mbid,latest_song_title,latest_song_date,latest_song_source,latest_song_kind,latest_song_format,latest_song_context_tags,latest_album_title,latest_album_date,latest_album_source,latest_album_kind,latest_album_format,latest_album_context_tags,artist_source
&TEAM,&TEAM,bba737dc-7ec8-482d-b79f-68d949ef2c7f,Sakura-iro Yell,2026-03-13,https://musicbrainz.org/release-group/370f7b89-6fd0-4c47-a651-f4678902191c,single,single,,We on Fire,2026-04-12,https://musicbrainz.org/release-group/9179dab5-170d-41e1-9aeb-83764aad6660,ep,ep,,https://musicbrainz.org/artist/bba737dc-7ec8-482d-b79f-68d949ef2c7f
(G)I-DLE,i‐dle,0068ae6c-7156-40f9-a81f-39294af6a549,Crow,2026-06-15,https://musicbrainz.org/release-group/f4f4c753-c9c9-4ba1-baff-10eb1efed3e0,single,single,,We made,2026-07-06,https://musicbrainz.org/release-group/f2bb7374-1953-48b0-94d8-87a5f64a6b51,ep,ep,,https://musicbrainz.org/artist/0068ae6c-7156-40f9-a81f-39294af6a549
82MAJOR,82MAJOR,1cb80c2a-3f2e-4fdd-ab0f-9ae886dee032,,,,,,,FEELM,2026-04-28,https://musicbrainz.org/release-group/75f9f49a-c499-4ffa-8eb5-be0329459b20,ep,ep,,https://musicbrainz.org/artist/1cb80c2a-3f2e-4fdd-ab0f-9ae886dee032
8TURN,8TURN,08bc1626-aa7b-4daa-9a2a-caeb87987712,BRUISE,2026-01-28,https://musicbrainz.org/release-group/7ede4c86-fc66-46fd-86ac-90062118583d,single,single,,,,,,,,https://musicbrainz.org/artist/08bc1626-aa7b-4daa-9a2a-caeb87987712
AB6IX,AB6IX,1d2c24a6-9ae6-460b-a65e-63671c9fbdd9,So Sweet (0522),2026-02-27,https://musicbrainz.org/release-group/7f879196-57e8-40bc-9296-9077af09da6a,single,single,,SEVEN : CRIMSON HORIZON,2026-03-16,https://musicbrainz.org/release-group/32abdeaa-e8e0-4ba9-8841-12aa56eec93d,album,album,,https://musicbrainz.org/artist/1d2c24a6-9ae6-460b-a65e-63671c9fbdd9
aespa,aespa,b51c672b-85e0-48fe-8648-470a2422229f,LEMONADE,2026-05-29,https://musicbrainz.org/release-group/5087c822-983c-4100-a976-151f444d1b41,single,single,,KISS N TELL,2026-07-24,https://musicbrainz.org/release-group/6493859c-f44d-4b8d-b5bd-bb79a5e34aa9,ep,ep,,https://musicbrainz.org/artist/b51c672b-85e0-48fe-8648-470a2422229f
ALL(H)OURS,ALL(H)OURS,ce06dad7-098e-467c-a875-1e6525b29c02,,,,,,,NO DOUBT,2026-03-16,https://musicbrainz.org/release-group/fd9318cb-3549-401c-9db0-06d97db0104f,ep,ep,,https://musicbrainz.org/artist/ce06dad7-098e-467c-a875-1e6525b29c02
ALLDAY PROJECT,ALLDAY PROJECT,ce5c564c-0fbe-429c-b93b-5d7e3109cf40,I DON’T BARGAIN,2026-03-09,https://musicbrainz.org/release-group/b14990f4-8a42-495f-bec5-a59cbace31b8,single,single,,ALLDAY PROJECT,2025-12-08,https://musicbrainz.org/release-group/409c9bff-06ce-46db-8614-265e56e767b8,ep,ep,special_project,https://musicbrainz.org/artist/ce5c564c-0fbe-429c-b93b-5d7e3109cf40
AMPERS&ONE,AMPERS&ONE,354c2a04-7379-49cb-9553-97be5c82ca77,,,,,,,DEFINITION,2026-04-08,https://musicbrainz.org/release-group/78a4d0c3-8dd1-4fdc-bc66-f2baa8094336,ep,ep,,https://musicbrainz.org/artist/354c2a04-7379-49cb-9553-97be5c82ca77
ARTMS,ARTMS,ae98b8c4-d8fc-4ff9-9b4e-4bc1fd8575d1,<Born Stunner>,2026-07-24,https://musicbrainz.org/release-group/6787c705-5010-4fc2-80cd-ad788f097cff,single,single,,<Club Icarus>,2025-06-13,https://musicbrainz.org/release-group/46b396ea-dee3-4c62-b8db-2bd84bc70b08,ep,ep,,https://musicbrainz.org/artist/ae98b8c4-d8fc-4ff9-9b4e-4bc1fd8575d1
ATEEZ,ATEEZ,cf0dbc16-4e24-4957-b5b4-955c8978f690,Choose,2025-11-17,https://musicbrainz.org/release-group/c193acdc-c046-4e77-98e5-986edc72ba12,single,single,,GOLDEN HOUR : Part.5,2026-06-26,https://musicbrainz.org/release-group/04059843-93e5-4d50-9604-7dc48ae74fb9,ep,ep,,https://musicbrainz.org/artist/cf0dbc16-4e24-4957-b5b4-955c8978f690
AtHeart,AtHeart,8a3f4979-23ca-48c8-9d01-5baffee9ea5f,Say It,2026-06-25,https://musicbrainz.org/release-group/0cf55baf-dc9c-451b-bf81-9d3299dff844,single,single,,Plot Twist,2025-08-13,https://musicbrainz.org/release-group/546efe73-cb05-49af-a513-e3fc116b2df3,ep,ep,,https://musicbrainz.org/artist/8a3f4979-23ca-48c8-9d01-5baffee9ea5f
BABYMONSTER,BABYMONSTER,5829cd4f-e693-4b03-abe5-1226243c23d6,SUGAR HONEY ICE TEA,2026-06-08,https://musicbrainz.org/release-group/9dc57d19-2cfe-4c2a-8322-4011d00172a7,single,single,,춤 (CHOOM),2026-05-04,https://musicbrainz.org/release-group/1267feb3-0379-4904-a9fa-86091f38d83d,ep,ep,,https://musicbrainz.org/artist/5829cd4f-e693-4b03-abe5-1226243c23d6
BADVILLAIN,BADVILLAIN,0f0ce763-6a74-4714-9c02-7cdc8bdea5e3,THRILLER,2025-09-15,https://musicbrainz.org/release-group/d739e8f9-6575-41ae-910e-ddc45cad2bd9,single,single,,,,,,,,https://musicbrainz.org/artist/0f0ce763-6a74-4714-9c02-7cdc8bdea5e3
BAE173,BAE173,ada066dc-bd71-41df-8eb0-799635b6176e,What’s wrong?,2025-10-03,https://musicbrainz.org/release-group/c33d7fab-bcc5-4bc2-bd1b-f2a880b1504b,single,single,,NEW CHAPTER : DESEAR,2025-10-14,https://musicbrainz.org/release-group/77b28a76-cd4c-4a58-b4be-ec10e6fedd7b,ep,ep,,https://musicbrainz.org/artist/ada066dc-bd71-41df-8eb0-799635b6176e
BLACKPINK,BLACKPINK,48646387-1664-4c9a-9139-9bfd091b823c,뛰어 (JUMP),2025-07-11,https://musicbrainz.org/release-group/173ec0cf-52e9-4ca6-bf30-408ccafd61d7,single,single,title_track,DEADLINE,2026-02-27,https://musicbrainz.org/release-group/38204997-b295-4d09-a946-f7e119725031,ep,ep,,https://musicbrainz.org/artist/48646387-1664-4c9a-9139-9bfd091b823c
BOYNEXTDOOR,BOYNEXTDOOR,656d0024-7b5f-4089-9d3e-ce383f15f1b7,ddok ddok ddok,2026-05-11,https://musicbrainz.org/release-group/986ee1a2-b78b-45cb-b372-d98b6a5391f5,single,single,,HOME,2026-06-08,https://musicbrainz.org/release-group/ced8da5a-06bf-4570-9834-4456e5bb2ca2,album,album,,https://musicbrainz.org/artist/656d0024-7b5f-4089-9d3e-ce383f15f1b7
BTOB,BTOB,7728b64d-8925-4a1c-b684-a88c6194a241,우리 다시,2026-03-21,https://musicbrainz.org/release-group/1877c9a7-1dfd-4e6e-89f4-87a621aba92f,single,single,,,,,,,,https://musicbrainz.org/artist/7728b64d-8925-4a1c-b684-a88c6194a241
BTS,BTS,0d79fe8e-ba27-4859-bb8c-2f255f346853,NORMAL,2026-07-17,https://musicbrainz.org/release-group/9d599c66-4789-445c-872f-6fed114ab053,single,single,,ARIRANG,2026-03-20,https://musicbrainz.org/release-group/21159e3f-172e-43f6-aa7d-8e06a81fea49,album,album,,https://musicbrainz.org/artist/0d79fe8e-ba27-4859-bb8c-2f255f346853
CIX,CIX,03e53482-a069-4e65-aa7a-117ede967ffe,,,,,,,GO Chapter 1: GO Together,2025-09-08,https://musicbrainz.org/release-group/fa27cf7c-9d03-4857-87b4-c7be5ffcfd2f,ep,ep,,https://musicbrainz.org/artist/03e53482-a069-4e65-aa7a-117ede967ffe
CRAVITY,CRAVITY,035e63b4-a34d-4f8e-a61f-6c2527eed16e,,,,,,,ReDeFINE,2026-04-29,https://musicbrainz.org/release-group/a5f932b5-3448-4526-875b-9e2d0e49722b,ep,ep,,https://musicbrainz.org/artist/035e63b4-a34d-4f8e-a61f-6c2527eed16e
DAY6,DAY6,77191d5f-1045-4b3b-ad7f-12ea398db929,,,,,,,The DECADE,2025-09-05,https://musicbrainz.org/release-group/213758ae-0a4a-452a-867f-5b65b4dcfc08,album,album,,https://musicbrainz.org/artist/77191d5f-1045-4b3b-ad7f-12ea398db929
DKB,DKB,a88863ae-4744-44aa-b15c-54363cedf9d2,,,,,,,Emotion,2025-10-23,https://musicbrainz.org/release-group/18922c4e-7b46-429f-a5b7-c1087a796663,ep,ep,,https://musicbrainz.org/artist/a88863ae-4744-44aa-b15c-54363cedf9d2
DXMON,DXMON,0d12abec-f7d1-437e-9d82-395ded77262e,HYPER LINK : Vol.3,2026-07-06,https://musicbrainz.org/release-group/4a24b9d8-a27d-4550-9bb0-baa901aa60bf,single,single,,,,,,,,https://musicbrainz.org/artist/0d12abec-f7d1-437e-9d82-395ded77262e
ENHYPEN,ENHYPEN,95663592-1447-4579-90f7-c94733476667,We’ll Be Fine,2026-06-28,https://musicbrainz.org/release-group/ae392451-e486-47f0-934b-1d468ea40a60,single,single,,THE SIN : VANISH,2026-01-16,https://musicbrainz.org/release-group/b07a4bc8-9edc-47e9-bfd9-8d3a85d0c080,ep,ep,,https://musicbrainz.org/artist/95663592-1447-4579-90f7-c94733476667
EPEX,EPEX,dab563b4-21b2-44be-b8d7-9527c4e530c1,,,,,,,Youth : Epilogue,2026-06-09,https://musicbrainz.org/release-group/fca34014-435c-429b-bb9e-8dc9d1e2ea17,ep,ep,,https://musicbrainz.org/artist/dab563b4-21b2-44be-b8d7-9527c4e530c1
EVNNE,EVNNE,bf081017-e5ec-44b8-a5e6-d0401d0b6828,Backtalk,2026-04-20,https://musicbrainz.org/release-group/ecbb5875-8432-4c54-859b-052e0333acc5,single,single,,LOVE ANECDOTE(S),2025-08-04,https://musicbrainz.org/release-group/9ba34369-e9f0-4adf-9c23-cbbbeeec01b1,ep,ep,,https://musicbrainz.org/artist/bf081017-e5ec-44b8-a5e6-d0401d0b6828
EXO,EXO,b3785a55-2cf6-497d-b8e3-cfa21a36f997,I'm Home,2025-12-13,https://musicbrainz.org/release-group/32188b10-a0bf-4174-8618-9049d3a035e5,single,single,,REVERXE,2026-01-19,https://musicbrainz.org/release-group/d9a5d58f-6520-4718-b46c-dabc26e152f1,album,album,,https://musicbrainz.org/artist/b3785a55-2cf6-497d-b8e3-cfa21a36f997
FIFTY FIFTY,FIFTY FIFTY,5c6b4031-c0e6-468f-ada5-28c33b7d4e0e,STARSTRUCK,2026-05-15,https://musicbrainz.org/release-group/47441c43-5b20-4808-965f-8ced061bbe25,single,single,,Imperfect-I'mperfect,2026-06-01,https://musicbrainz.org/release-group/3769de60-45d0-475f-93ee-ff9ad184aba1,ep,ep,,https://musicbrainz.org/artist/5c6b4031-c0e6-468f-ada5-28c33b7d4e0e
fromis_9,fromis_9,705f04e2-fc5b-41ab-b837-1d850d44084a,White Memories,2025-12-02,https://musicbrainz.org/release-group/8ceecddf-94b4-40a4-b77a-592fae34fc65,single,single,,Glow ME,2026-07-21,https://musicbrainz.org/release-group/6176636c-1c4b-4057-947a-ff5291666ec5,album,album,,https://musicbrainz.org/artist/705f04e2-fc5b-41ab-b837-1d850d44084a
H1-KEY,H1-KEY,6d9dc445-463c-4c98-a554-429afe985f2b,세상은 영화 같지 않더라,2026-01-05,https://musicbrainz.org/release-group/4e4e27fa-97fe-42ac-9c4d-801d31d7de6a,single,single,,LOVECHAPTER,2026-03-05,https://musicbrainz.org/release-group/164415eb-5787-4f44-80c0-2b5fac390d98,ep,ep,,https://musicbrainz.org/artist/6d9dc445-463c-4c98-a554-429afe985f2b
Hearts2Hearts,Hearts2Hearts,066080a4-84c7-46c6-91d3-dc10d572749b,RUDE!,2026-02-20,https://musicbrainz.org/release-group/5209edba-458a-4f37-8863-ec663b51fc6b,single,single,,Lemon Tang,2026-06-22,https://musicbrainz.org/release-group/23757eb9-48b4-4bdd-aee9-10c6c135ec97,ep,ep,,https://musicbrainz.org/artist/066080a4-84c7-46c6-91d3-dc10d572749b
ifeye,ifeye,2fa469c4-a186-48d6-9d9f-d1d4bb716071,,,,,,,As if,2026-04-15,https://musicbrainz.org/release-group/f217eaf5-6746-4b37-aa67-76ca5015218a,ep,ep,,https://musicbrainz.org/artist/2fa469c4-a186-48d6-9d9f-d1d4bb716071
ITZY,ITZY,bce172fc-51bb-43f7-9a25-b406a0a581d5,,,,,,,Motto,2026-05-18,https://musicbrainz.org/release-group/36a1fe9c-5dc7-4072-b0c2-4e15caf5862d,ep,ep,,https://musicbrainz.org/artist/bce172fc-51bb-43f7-9a25-b406a0a581d5
IVE,IVE,b2f2216a-d7a9-4ce0-8b8f-f494d9a8c196,LUCID DREAM,2026-05-20,https://musicbrainz.org/release-group/b1643d40-f647-4970-b35d-116dc89db79f,single,single,,LUCID DREAM,2026-05-27,https://musicbrainz.org/release-group/6e3cc97c-db4b-4ede-9766-4974ea9696fe,ep,ep,,https://musicbrainz.org/artist/b2f2216a-d7a9-4ce0-8b8f-f494d9a8c196
izna,izna,c3d9b981-0420-45ae-93ca-21d78f0fb14f,Love All,2026-03-16,https://musicbrainz.org/release-group/0907f508-a93a-435e-87d9-f7f827f2093f,single,single,,SET THE TEMPO,2026-06-08,https://musicbrainz.org/release-group/c7f50c09-18d1-4d6a-b416-c909d29c3cc3,ep,ep,,https://musicbrainz.org/artist/c3d9b981-0420-45ae-93ca-21d78f0fb14f
KARD,KARD,ad4e8332-861d-4a49-8235-b72888714be4,,,,,,,DRIFT,2025-07-02,https://musicbrainz.org/release-group/94d7a1a2-136f-4645-b3de-80540fd5cfc4,ep,ep,,https://musicbrainz.org/artist/ad4e8332-861d-4a49-8235-b72888714be4
Kep1er,Kep1er,187da628-d21a-4e0f-a93c-456c97a2c032,,,,,,,CRACK CODE,2026-03-31,https://musicbrainz.org/release-group/aa916e87-9236-4ad8-b35b-3e2d79f4e20f,ep,ep,,https://musicbrainz.org/artist/187da628-d21a-4e0f-a93c-456c97a2c032
KickFlip,KickFlip,fa8afe53-9f95-4523-b064-004990c2d7c5,Twenty,2026-03-09,https://musicbrainz.org/release-group/7dffad99-bbab-414c-9ff1-ada63056469e,single,single,,My First Kick,2026-04-06,https://musicbrainz.org/release-group/4ac45c64-5fa8-4690-ad08-c3a0351161f0,ep,ep,,https://musicbrainz.org/artist/fa8afe53-9f95-4523-b064-004990c2d7c5
KiiiKiii,KiiiKiii,bdbc7927-6ff5-4a64-a2dd-9756323008e1,To Me From Me,2025-11-04,https://musicbrainz.org/release-group/3964ffdb-8ba8-4b39-bc6a-b09d4d40d26d,single,single,,Delulu Pack,2026-01-25,https://musicbrainz.org/release-group/9abb5e1d-54f9-49cc-b973-d7d561f7c181,ep,ep,,https://musicbrainz.org/artist/bdbc7927-6ff5-4a64-a2dd-9756323008e1
KISS OF LIFE,KISS OF LIFE,cbe629e3-fbbd-4071-9e12-4c5074c2231b,BREAK IT,2026-07-04,https://musicbrainz.org/release-group/8c766240-86d1-489d-abf0-2323b2d92471,single,single,,TOKYO MISSION START,2025-11-05,https://musicbrainz.org/release-group/78752bd0-8be7-4be8-9973-9ed52f054743,ep,ep,,https://musicbrainz.org/artist/cbe629e3-fbbd-4071-9e12-4c5074c2231b
LE SSERAFIM,LE SSERAFIM,1ee37742-1e3d-4e61-84d2-bc85f4c1459a,ICONIC BY MISTAKE,2026-06-10,https://musicbrainz.org/release-group/c20f68e8-125e-4cf9-8edd-f27e1bc8d2bf,single,single,,‘PUREFLOW’ pt.1,2026-05-22,https://musicbrainz.org/release-group/195b4cc7-40c2-414b-b9b2-5e2c69eb612f,album,album,,https://musicbrainz.org/artist/1ee37742-1e3d-4e61-84d2-bc85f4c1459a
LIGHTSUM,LIGHTSUM,6bfa076d-881b-442f-adc9-c8c17c6c87d3,"Beautiful Pain (SANGAH, CHOWON, JUHYEON)",2026-01-15,https://musicbrainz.org/release-group/265982aa-d04b-44ef-8aee-06d69061e215,single,single,special_project,,,,,,,https://musicbrainz.org/artist/6bfa076d-881b-442f-adc9-c8c17c6c87d3
LUN8,LUN8,1689d50f-cd03-43ce-a275-ce7616dafa7f,LOST,2025-09-17,https://musicbrainz.org/release-group/c1bfa152-a517-4bf8-9753-a366541d3c67,single,single,,Off the Grid,2026-07-22,https://musicbrainz.org/release-group/6016f9a5-7fc8-4dba-be0e-d1aa26db726d,ep,ep,,https://musicbrainz.org/artist/1689d50f-cd03-43ce-a275-ce7616dafa7f
MAMAMOO,MAMAMOO,fb588f59-af1a-493a-9508-ed487caa2a11,4WARD,2026-06-04,https://musicbrainz.org/release-group/dc9e5902-489d-4ee4-90b5-3ad43f45b6cc,single,single,,,,,,,,https://musicbrainz.org/artist/fb588f59-af1a-493a-9508-ed487caa2a11
MEOVV,MEOVV,f2435d8b-8a29-453d-9d7e-03c61c4b6fc4,BURNING UP,2025-10-14,https://musicbrainz.org/release-group/87bcfee4-b8fc-438b-8e4b-241ec21c3895,single,single,,BITE NOW,2026-06-01,https://musicbrainz.org/release-group/45bb6c4e-a707-49af-888b-0764a7aa6e41,ep,ep,,https://musicbrainz.org/artist/f2435d8b-8a29-453d-9d7e-03c61c4b6fc4
MONSTA X,MONSTA X,b6b21b0c-a706-4b46-a929-bd4d21b06cad,growing pains,2026-02-06,https://musicbrainz.org/release-group/d77e44ee-aa20-498d-8606-db1f4ac5d481,single,single,,Unfold,2026-04-03,https://musicbrainz.org/release-group/a173c578-1eba-4a08-8666-3ba009c338f6,album,album,,https://musicbrainz.org/artist/b6b21b0c-a706-4b46-a929-bd4d21b06cad
NCT DREAM,NCT DREAM,dc7c8277-d4b6-4bca-bdfe-50eee42536ac,,,,,,,Beat It Up,2025-11-17,https://musicbrainz.org/release-group/1d8b6f46-e52b-43a8-912d-0c7cee7a5c5a,ep,ep,,https://musicbrainz.org/artist/dc7c8277-d4b6-4bca-bdfe-50eee42536ac
NCT WISH,NCT WISH,fb175979-152f-4f32-bf8b-08aa86c24fe3,YO-I-DON! / BOY MEETS GIRL,2026-07-13,https://musicbrainz.org/release-group/80ffb057-bc75-4449-8756-b9593a80dcdf,single,single,,Ode to Love,2026-04-20,https://musicbrainz.org/release-group/7cd7234a-bbc7-4b9b-bec6-9443914c9719,album,album,,https://musicbrainz.org/artist/fb175979-152f-4f32-bf8b-08aa86c24fe3
NEXZ,NEXZ,c870eef2-a1f9-407c-95f2-1448ad56474a,,,,,,,Mmchk,2026-04-27,https://musicbrainz.org/release-group/ed83bc37-256a-4c12-91df-30ef9be5e4c6,ep,ep,,https://musicbrainz.org/artist/c870eef2-a1f9-407c-95f2-1448ad56474a
NMIXX,NMIXX,2d623e82-73e2-4179-9c44-e963980f2d58,TIC TIC,2026-02-26,https://musicbrainz.org/release-group/b71aa2e7-c4a3-44ea-a577-f9459bf6456f,single,single,,Heavy Serenade,2026-05-11,https://musicbrainz.org/release-group/98dd9011-5507-46f7-8308-0cb352b1cf64,ep,ep,,https://musicbrainz.org/artist/2d623e82-73e2-4179-9c44-e963980f2d58
ONEUS,ONEUS,c010eb84-2de1-40b2-b267-40de6002daab,Under,2026-07-01,https://musicbrainz.org/release-group/a667d824-1049-4880-bdeb-83920c96f186,single,single,,5x,2025-06-30,https://musicbrainz.org/release-group/bf41a2c3-75ef-4c6b-aab6-0c8874163e8a,ep,ep,,https://musicbrainz.org/artist/c010eb84-2de1-40b2-b267-40de6002daab
ONEWE,ONEWE,720f9030-9b10-4cfa-9a1b-16f80c774cc9,點 : The Quiver,2026-05-29,https://musicbrainz.org/release-group/7bc18a15-ba9a-455f-ae18-bbe399e9ec17,single,single,,Studio We : Recording #4,2026-01-14,https://musicbrainz.org/release-group/39a2bca6-065d-4f1f-a285-ac9bc4458d9f,album,album,,https://musicbrainz.org/artist/720f9030-9b10-4cfa-9a1b-16f80c774cc9
ONF,ONF,407edcfa-cc74-40ca-bece-8e98f8fb0deb,Summer Light,2025-08-03,https://musicbrainz.org/release-group/017dac05-b448-4199-93a0-0d4415f90936,single,single,,ONF:MY SELF,2026-06-17,https://musicbrainz.org/release-group/599aad9a-25be-4c51-9d5a-c4400f91da9b,ep,ep,,https://musicbrainz.org/artist/407edcfa-cc74-40ca-bece-8e98f8fb0deb
P1Harmony,P1Harmony,d03d8ba8-065c-41d9-a804-d6c05a949194,,,,,,,UNIQUE,2026-03-12,https://musicbrainz.org/release-group/e37d2c21-d4dc-4336-a042-840f3bb98b2d,ep,ep,,https://musicbrainz.org/artist/d03d8ba8-065c-41d9-a804-d6c05a949194
PLAVE,PLAVE,aab90af9-fde7-4988-b26b-b2c3c8e2d8e6,흥흥흥,2026-04-03,https://musicbrainz.org/release-group/0690446b-3c49-44b1-9396-b68bd9111b14,single,single,,Caligo Pt.2,2026-04-14,https://musicbrainz.org/release-group/2480bc99-8a2a-4559-9832-23ca576e8fc9,ep,ep,,https://musicbrainz.org/artist/aab90af9-fde7-4988-b26b-b2c3c8e2d8e6
POW,POW,fa1ab450-4f04-44f7-9f5c-574b99683098,Wall Flowers,2025-09-29,https://musicbrainz.org/release-group/a77ad515-51b9-4bef-a0dc-786a8b55f783,single,single,,,,,,,,https://musicbrainz.org/artist/fa1ab450-4f04-44f7-9f5c-574b99683098
Purple Kiss,PURPLE KISS,0a7ef947-cb11-4bf0-89e3-23b9a950f04d,A Violet to Remember,2025-11-16,https://musicbrainz.org/release-group/90a2d86d-ad0e-42db-bf20-fdf6cc5d915d,single,single,,OUR NOW,2025-08-31,https://musicbrainz.org/release-group/8c6eab4a-ea6f-45db-ab2f-cadeb9f3b31d,album,album,,https://musicbrainz.org/artist/0a7ef947-cb11-4bf0-89e3-23b9a950f04d
QWER,QWER,86bfda70-ad8c-4db4-9041-e4843d918269,SHOW DOWN,2026-07-08,https://musicbrainz.org/release-group/7227ec39-4c16-4421-b514-2ebafd883ecd,single,single,,CEREMONY,2026-04-27,https://musicbrainz.org/release-group/7ae027f0-aff3-46cc-a5fe-1ce05151288e,ep,ep,,https://musicbrainz.org/artist/86bfda70-ad8c-4db4-9041-e4843d918269
RESCENE,RESCENE,a54fd8e2-d319-44a6-aa60-21adf17751bf,Pretty Girl,2026-07-08,https://musicbrainz.org/release-group/2e6d3314-5174-4ad3-9b73-debdd264bd97,single,single,,lip bomb,2025-11-25,https://musicbrainz.org/release-group/0854eb50-8966-441c-80be-74b10eb11c6f,ep,ep,,https://musicbrainz.org/artist/a54fd8e2-d319-44a6-aa60-21adf17751bf
RIIZE,RIIZE,f3eaa943-71b3-44b6-8b66-74c787742aae,KILL SHOT,2026-04-19,https://musicbrainz.org/release-group/07ffcd81-f4a2-4a25-9618-5a5b4b4e7990,single,single,,Ⅱ,2026-06-15,https://musicbrainz.org/release-group/86f39630-d9ca-41e8-98ba-afdf9ada7e88,ep,ep,,https://musicbrainz.org/artist/f3eaa943-71b3-44b6-8b66-74c787742aae
SAY MY NAME,SAY MY NAME,61cc7260-0bed-4811-822f-8d30ceae7722,YOUR SCENT (20th Anniversary of the Korean Wave Pt.8),2026-06-15,https://musicbrainz.org/release-group/86743465-66f8-4c02-bd98-4dafdd9cb6d2,single,single,special_project,&Our Vibe,2025-12-29,https://musicbrainz.org/release-group/46627fda-0c83-491f-89dd-19b93b6c7c46,ep,ep,,https://musicbrainz.org/artist/61cc7260-0bed-4811-822f-8d30ceae7722
SEVENTEEN,SEVENTEEN,e04d239e-9fa8-49b3-b9b7-9e439c3cb1d1,Tiny Light,2026-02-27,https://musicbrainz.org/release-group/8103f812-5fca-4460-88e9-6b755c7c4a46,single,single,,,,,,,,https://musicbrainz.org/artist/e04d239e-9fa8-49b3-b9b7-9e439c3cb1d1
SHINee,SHINee,70e5098b-c4ae-4cd7-9799-3c1b9b57c753,,,,,,,Atmos,2026-06-01,https://musicbrainz.org/release-group/fcc61b73-c620-4204-8fc9-3c1b57c1e8dc,ep,ep,,https://musicbrainz.org/artist/70e5098b-c4ae-4cd7-9799-3c1b9b57c753
STAYC,STAYC,06bb5fcc-f2b3-428d-b8e7-079060311b6d,2:LOVE,2026-06-16,https://musicbrainz.org/release-group/dfdd988b-98f2-4f2d-937c-40f4a372aec2,single,single,,STAY ALIVE,2026-02-11,https://musicbrainz.org/release-group/d441bac9-17d5-47db-97cb-65b9000e3f76,album,album,,https://musicbrainz.org/artist/06bb5fcc-f2b3-428d-b8e7-079060311b6d
Stray Kids,Stray Kids,142b343d-bf5a-428c-a64f-6d1a7566bbe9,RUN IT,2026-06-24,https://musicbrainz.org/release-group/ad30176e-c9f0-4fbd-b473-3858f81f403a,single,single,,DO IT,2025-11-21,https://musicbrainz.org/release-group/ce29b685-a98d-411e-b68f-78c6b4e963c6,ep,ep,,https://musicbrainz.org/artist/142b343d-bf5a-428c-a64f-6d1a7566bbe9
TEMPEST,TEMPEST,63307cfb-a65f-4001-b322-fd961b34788b,In the Dark (暮色独白),2025-11-03,https://musicbrainz.org/release-group/cc31d9d5-c80d-4984-9b7a-599594c81fad,single,single,,As I am,2025-10-27,https://musicbrainz.org/release-group/2e01370d-bfb6-4ddc-838f-db1447399533,ep,ep,,https://musicbrainz.org/artist/63307cfb-a65f-4001-b322-fd961b34788b
THE BOYZ,THE BOYZ,527973c7-9a9f-40bf-a52c-8cc2a7115c1a,Still Love You,2025-12-06,https://musicbrainz.org/release-group/01e6d59b-8166-40b7-bb26-881c033deb14,single,single,,a;effect,2025-07-28,https://musicbrainz.org/release-group/ad2aabda-8449-449b-ab23-76e57f7857ee,ep,ep,,https://musicbrainz.org/artist/527973c7-9a9f-40bf-a52c-8cc2a7115c1a
The KingDom,The KingDom,aa6844e7-42a8-425b-bd67-3b3a8b43b9ec,,,,,,,the flower of the moon,2025-09-23,https://musicbrainz.org/release-group/326d8498-e340-4cad-a02f-5ea369e6ec49,ep,ep,,https://musicbrainz.org/artist/aa6844e7-42a8-425b-bd67-3b3a8b43b9ec
TIOT,TIOT,c0113855-feb6-4c2b-b86a-6ec87b310f5d,Run Run Barefoot,2025-07-07,https://musicbrainz.org/release-group/8d092aa5-b63e-4892-8dbd-b29ab089b040,single,single,,MY PRIDE,2025-09-23,https://musicbrainz.org/release-group/25a28c0e-f4b4-420c-b80f-bcca8c7d5fc4,ep,ep,,https://musicbrainz.org/artist/c0113855-feb6-4c2b-b86a-6ec87b310f5d
TNX,TNX,136c0dc4-4690-4fb4-bc79-3968700f4eaf,CALL ME BACK,2026-01-22,https://musicbrainz.org/release-group/284125ec-d04c-4023-9977-666ca826b284,single,single,,,,,,,,https://musicbrainz.org/artist/136c0dc4-4690-4fb4-bc79-3968700f4eaf
TOMORROW X TOGETHER,TOMORROW X TOGETHER,9d027d72-790e-40ec-bbb7-61aa613457de,butterflies,2025-07-10,https://musicbrainz.org/release-group/ffca8aaa-b0bd-49f5-9800-9d273f4735a7,single,single,,7TH YEAR: 가시덤불에 잠시 바람이 멈췄을 때,2026-04-13,https://musicbrainz.org/release-group/dc4cfe5f-d5b9-4d18-b281-0691e93d40c8,ep,ep,,https://musicbrainz.org/artist/9d027d72-790e-40ec-bbb7-61aa613457de
TREASURE,TREASURE,6a64307a-1806-428c-9bee-4afb13b27042,,,,,,,NEW WAV,2026-06-01,https://musicbrainz.org/release-group/21b7e5bb-ca40-4171-b894-e0b3dda01d2b,ep,ep,,https://musicbrainz.org/artist/6a64307a-1806-428c-9bee-4afb13b27042
TRENDZ,TRENDZ,3d612dbf-32fc-4198-a2d0-2d04a99a6adf,まだあと0cm,2026-05-27,https://musicbrainz.org/release-group/00fa1a6b-4b88-4408-9e4e-bdaea5550694,single,single,japanese_release,On My Knees,2026-07-08,https://musicbrainz.org/release-group/27c00ca8-c575-4ffb-a108-62a5441e466a,ep,ep,,https://musicbrainz.org/artist/3d612dbf-32fc-4198-a2d0-2d04a99a6adf
tripleS,tripleS,40017bd7-139b-4998-8688-9b2478ad3325,トキメティック,2026-02-05,https://musicbrainz.org/release-group/e55e3345-ef7c-44f3-9b99-a25b06df7cf8,single,single,japanese_release,<LOVE&POP> pt.1,2026-06-01,https://musicbrainz.org/release-group/98fb14cc-9134-479b-baa6-18a881e18dca,ep,ep,,https://musicbrainz.org/artist/40017bd7-139b-4998-8688-9b2478ad3325
TWICE,TWICE,8da127cc-c432-418f-b356-ef36210d82ac,Like 1,2025-08-20,https://musicbrainz.org/release-group/ec115903-eb42-4437-925e-ad64f0a2d818,single,single,,TEN: The Story Goes On,2025-10-10,https://musicbrainz.org/release-group/3670fec6-643a-4a88-a623-900ff5fdd43b,album,album,,https://musicbrainz.org/artist/8da127cc-c432-418f-b356-ef36210d82ac
TWS,TWS,f68e8675-5ad8-47eb-b7ec-da9cc210e0b4,Dream With Us,2026-06-11,https://musicbrainz.org/release-group/6a3bcc3a-48d4-4c74-9341-c0fb9f7c037c,single,single,,NO TRAGEDY,2026-04-27,https://musicbrainz.org/release-group/d44ef52e-c442-4c86-8b8d-c7f06ed15fe5,ep,ep,,https://musicbrainz.org/artist/f68e8675-5ad8-47eb-b7ec-da9cc210e0b4
UNIS,UNIS,ddea2b8e-f772-4c39-ab90-e1983b74a149,幸せになんかならないでね,2025-12-17,https://musicbrainz.org/release-group/6c4f751d-053e-4d6e-970c-24bd12985f3b,single,single,japanese_release,,,,,,,https://musicbrainz.org/artist/ddea2b8e-f772-4c39-ab90-e1983b74a149
VERIVERY,VERIVERY,497ad8ff-0d35-4570-8a46-3f6b344b30b4,Lost and Found,2025-12-01,https://musicbrainz.org/release-group/109571b5-c2ef-4bb1-a3ec-dff21ad2d31c,single,single,,,,,,,,https://musicbrainz.org/artist/497ad8ff-0d35-4570-8a46-3f6b344b30b4
VIVIZ,VIVIZ,4142301a-8bd8-4ea0-b509-0baf84fe6906,,,,,,,A Montage of ( ),2025-07-08,https://musicbrainz.org/release-group/06428a95-ee6f-40dc-9310-36b74a9c112d,album,album,,https://musicbrainz.org/artist/4142301a-8bd8-4ea0-b509-0baf84fe6906
WEi,WEi,a8599fd2-3682-4f6c-a580-f28c4ae97a0b,SAVE,2026-03-27,https://musicbrainz.org/release-group/f7d71558-d4ca-4440-be31-c4cea7223a7e,single,single,,Wonderland,2025-10-29,https://musicbrainz.org/release-group/252b4761-926f-479f-86bc-a0999710321b,ep,ep,,https://musicbrainz.org/artist/a8599fd2-3682-4f6c-a580-f28c4ae97a0b
WHIB,WHIB,c681077b-38b4-4689-9023-7176d1e0dbca,,,,,,,ROCK THE NATION,2026-01-29,https://musicbrainz.org/release-group/d32777e2-8615-4ca0-b6d5-4479d09d0ab9,ep,ep,,https://musicbrainz.org/artist/c681077b-38b4-4689-9023-7176d1e0dbca
WJSN,우주소녀,99689c05-4f6d-4bff-9b00-06731277fe42,Bloom hour,2026-02-25,https://musicbrainz.org/release-group/da99b14f-57c5-4a1f-952e-9c915ba13b4b,single,single,,,,,,,,https://musicbrainz.org/artist/99689c05-4f6d-4bff-9b00-06731277fe42
woo!ah!,WOOAH,1e8da137-9aa8-4e62-9699-4f66d290b643,Wish With W : Vol.3,2026-07-13,https://musicbrainz.org/release-group/458bdb5d-e4fa-4d4e-818d-841652aade07,single,single,,,,,,,,https://musicbrainz.org/artist/1e8da137-9aa8-4e62-9699-4f66d290b643
Xdinary Heroes,Xdinary Heroes,d95a463f-e7d3-4c97-98ba-57f75cb4fda2,X room,2026-03-25,https://musicbrainz.org/release-group/5ce13101-a443-4ecf-be79-77c5115d10c1,single,single,,DEAD AND,2026-04-17,https://musicbrainz.org/release-group/11b5e506-e259-4f93-8b68-b930fb513d2f,ep,ep,,https://musicbrainz.org/artist/d95a463f-e7d3-4c97-98ba-57f75cb4fda2
xikers,xikers,9b779913-3d52-4ab7-bf38-889c2dcabbd1,ICONIC,2025-08-01,https://musicbrainz.org/release-group/d53e958d-4e4e-44cf-8942-75f793e187c6,single,single,,Route Zero: THE ORA,2026-05-19,https://musicbrainz.org/release-group/057c3a5e-8623-472a-8bb7-09f3c7a429c5,ep,ep,,https://musicbrainz.org/artist/9b779913-3d52-4ab7-bf38-889c2dcabbd1
XLOV,XLOV,92449998-96fa-45b5-8a67-abb5ff975aa1,I ONE,2025-06-13,https://musicbrainz.org/release-group/f4743ab2-e6d6-41f7-bf09-6c5090cf4cf0,single,single,,"I,God",2026-05-27,https://musicbrainz.org/release-group/10a64bed-1941-4cc4-bbb6-ce158573d173,ep,ep,,https://musicbrainz.org/artist/92449998-96fa-45b5-8a67-abb5ff975aa1
YOUNG POSSE,YOUNG POSSE,427150d2-674f-47b2-a1a1-7bb4a9e0d070,we don’t go to bed tonight,2026-04-07,https://musicbrainz.org/release-group/274fb6b2-a31d-4c86-98e0-078e11811a9c,single,single,,young tape,2026-07-13,https://musicbrainz.org/release-group/292dfea7-2e03-4ef4-a18f-a7a4e74ade64,album,album,,https://musicbrainz.org/artist/427150d2-674f-47b2-a1a1-7bb4a9e0d070
YOUNITE,YOUNITE,32226bb6-0726-4cd6-a55e-03ec1f48a8d3,,,,,,,INYUN Part.1,2026-05-12,https://musicbrainz.org/release-group/c43fd48b-82ce-468d-9b6a-8b5792b0fa62,ep,ep,,https://musicbrainz.org/artist/32226bb6-0726-4cd6-a55e-03ec1f48a8d3
ZEROBASEONE,ZEROBASEONE,fe038151-1099-4de8-901b-39be66d6e493,ROSES,2026-01-23,https://musicbrainz.org/release-group/6656b493-ef15-4aee-a142-4fc2656294d3,single,single,,Ascend-,2026-05-18,https://musicbrainz.org/release-group/d79cb203-9606-4ec3-9a69-f64888f12fbf,ep,ep,,https://musicbrainz.org/artist/fe038151-1099-4de8-901b-39be66d6e493
